Job Title,Job Type,Company,Location
Sr. Voice Platform Analyst,Data Analyst,,PA 17102(Midtown area)
Data Analyst 1,Data Analyst,UT 84111(Central City area)Gallivan Plaza,Station
Analyst - AI Trainer,Data Analyst,,"Muncie, IN"
Data Analyst,Data Analyst,,"Schaumburg, IL 60173"
Laboratory Analyst,Data Analyst,,NC
Data Analyst,Data Analyst,,
Data Analyst - Healthcare,Data Analyst,,CA 92543
Data Analyst,Data Analyst,,ME 04101(Downtown area)
"Analyst, ESG Data",Data Analyst,,NJ 08818
Data Analyst,Data Analyst,,CA 95323
Data Analyst,Data Analyst,,UT
Data Analyst,Data Analyst,,
Data Analyst,Data Analyst,,"Houston, TX"
Data Analyst,Data Analyst,,TX
Junior Data Analyst,Data Analyst,,PA 19073
Data Analyst,Data Analyst,,ME 04101(Downtown area)
Data Analyst,Data Analyst,,UT
Data Analyst,Data Analyst,,TX
Health Care Data Analyst,Data Analyst,,MN
Data Analyst,Data Analyst,,IL
Healthcare Data Analyst,Data Analyst,,"Dayton, OH 45412"
Data Analyst,Data Analyst,,NJ 08872
Data Analyst,Data Analyst,,"Plano, TX"
Jr Data Analyst,Data Analyst,,NJ 08830
DATA ANALYST,Data Analyst,,VA
Data Analyst,Data Analyst,,VA
Data Analyst,Data Analyst,,OK 74078
Data Analyst,Data Analyst,,NJ 07024
Full-time Role: Data Analyst,Data Analyst,,MA
Data Analyst,Data Analyst,,NY
Data Analyst,Data Analyst,,"Buffalo, NY"
Data Analyst,Data Analyst,,UT
"Analyst, Data (Remote)",Data Analyst,,Arizona
Data Analyst,Data Analyst,,TX 78702(Govalle area)
Data Analyst - onsite,Data Analyst,,MI 48043
Data Analyst (Remote),Data Analyst,,"Remote in Louisville, KY"
Quality Data Analyst - PRN *Fully Onsite*,Data Analyst,,ID 83501
Data Analyst,Data Analyst,,PA
DATA ANALYST,Data Analyst,,VA
Healthcare Analytics Data Analyst III,Data Analyst,,Texas
Data Analyst,Data Analyst,,Pennsylvania
Data Management Analyst III,Data Analyst,,FL 32611
Data Analyst,Data Analyst,,TX
Data Analyst III,Data Analyst,,Florida
"Analyst, Data Visualization & Business Intelligence",Data Analyst,,FL 33132
Logistics Data Analyst,Data Analyst,Inc.Fort,"Myers, FL 33919"
Research Data Analyst,Data Analyst,LLCLake,"Barrington, IL 60010"
Background Check Records Analyst I,Data Analyst,,TX 76114
Junior Data Analyst (In-Office Position),Data Analyst,LLCLake,"Mary, FL 32746"
Data Analyst (Power BI),Data Analyst,Bloomfield,"Hills, MI 48304"
Analyst (EDI),Data Analyst,,IN 46619
Business Analyst,Data Analyst,Inc.,Remote
Data Analyst,Data Analyst,,CT 06831
Revenue Analyst | Hybrid Remote | Starting $24/hr.,Data Analyst,,"Carlsbad, CA 92008"
Business Development Analyst,Data Analyst,"San Jose, CA 95134Baypointe",Station
Data Analyst,Data Analyst,,WI 53177
"Analytical Chemist - Instrument Operator/Data Analyst (Woodland, CA)",Data Analyst,,CA 95776
Pricing Data Analyst (Not a Remote Position),Data Analyst,NY 14203(Central Business District area)Special Events,Station
Data Analyst I,Data Analyst,,PA 17402
Business Requirements Analyst,Data Analyst,,MO 63368
DHCF DCAS Data Analyst,Data Analyst,,
Senior Data Analyst,Data Analyst,,
Strategic Data Analyst I,Data Analyst,,
Data Analyst,Data Analyst,,
"Analyst, Claims - Data Science",Data Analyst,,
Mid-level Data Analyst,Data Analyst,,
AthenaIDX Analyst,Data Analyst,,
Data Analyst III,Data Analyst,,Florida
Junior Data Analyst,Data Analyst,,
Utility Billing Analyst,Data Analyst,,
Patient Flow Data Analyst,Data Analyst,,
(5) Data Analyst / Data Scientist,Data Analyst,,
Data Analyst,Data Analyst,,
Data Analytics Senior Consultant II,Data Analyst,,
Analyst Corporate Sustainability,Data Analyst,,"Pawtucket, RI"
Graphic Information System (GIS) Analyst,Data Analyst,,NC 27360
Research Data Analyst,Data Analyst,LLCLake,"Barrington, IL 60010"
Junior Data Analyst (In-Office Position),Data Analyst,LLCLake,"Mary, FL 32746"
Data Analyst,Data Analyst,Inc.,"Paoli, PA 19301"
"Business Analyst (Saginaw, Michigan)",Data Analyst,,MI 48603
Electronic Health Records Support Analyst,Data Analyst,,OR 97420
Background Check Records Analyst I,Data Analyst,,TX 76114
Analyst (EDI),Data Analyst,,IN 46619
Revenue Management Analyst,Data Analyst,,AL 36542
GoBanking Business Analyst,Data Analyst,,KS 67501
"Data Analyst 数据分析师(DA,Mandarin Prefer)",Data Analyst,,TX
Data Analyst,Data Analyst,,CT 06831
Chargeback Analyst,Data Analyst,,FL 33418
Financial Analyst,Data Analyst,,AZ 85008(Camelback East area)
Building Energy Performance Programs Analyst,Data Analyst,LLCHybrid work in,"Fairfax, VA 22033"
Systems Support Analyst – IT,IT Analyst,Chan Soon-Shiong Medical Center at Windber,"Windber, PA 15963"
IT Technology Analyst I,IT Analyst,Pennsylvania Turnpike CommissionHybrid work in,"Middletown, PA 17057"
IT Analyst,IT Analyst,Prime Therapeutics,Remote
IT Analyst (Remote),IT Analyst,WALGREENSRemote in,"Deerfield, IL 60015"
IT Technology Analyst 1,IT Analyst,Pennsylvania Turnpike Commission,"Middletown, PA 17057"
IT/Database Analyst,IT Analyst,Serco North America,"Washington, DC 20005"
IT ANALYST,IT Analyst,Ohkay Hotel CasinoSan Juan,"Pueblo, NM 87566"
Associate IT Systems Analyst - EHR,IT Analyst,,"Nashville, TN 37215"
IT Analyst I,IT Analyst,MosaicSaint,"Joseph, MO 64506"
IT STATEWIDE TECHNICAL SUPPORT ANALYST 1-3 (50578874),IT Analyst,,"Baton Rouge, LA"
Systems Analyst I,IT Analyst,,"Maryville, TN"
"IT Systems Analyst, HRIS",IT Analyst,UC HealthRemote in,Ohio
IT Vendor Analyst,IT Analyst,Orion Marine Group,"Houston, TX 77034"
IT Systems Support Analyst,IT Analyst,Liberty Healthcare CorporationBala-,"Cynwyd, PA 19004"
IT Analyst - Epic,IT Analyst,Our Billing Co LLC,Remote
IT Analyst I,IT Analyst,"Chick-fil-A, Inc.","Atlanta, GA 30349"
IT STATEWIDE TECHNICAL SUPPORT ANALYST 1-3 (50578874),IT Analyst,,"Baton Rouge, LA"
IT Analyst (Remote),IT Analyst,WALGREENSRemote in,"Deerfield, IL 60015"
IT BUSINESS SYSTEMS ANALYST,IT Analyst,,"Santa Cruz County, CA"
Service Desk Analyst - Level 1,IT Analyst,Wynne System,Remote
Software Support Analyst - Costco Logistics,IT Analyst,,"Chicago, IL"
IT Technology Analyst 1,IT Analyst,Pennsylvania Turnpike Commission,"Middletown, PA 17057"
"Analyst, AACU Technology Service Desk",IT Analyst,,"Dallas, TX 75219"
IT Technology Analyst I,IT Analyst,Pennsylvania Turnpike CommissionHybrid work in,"Middletown, PA 17057"
SYSTEMS ANALYST,IT Analyst,Sierra Nevada Brewing Co.,Remote
Application Support Analyst,IT Analyst,CVS HealthRemote in,"Hartford, CT 06103"
Help Desk Analyst,IT Analyst,Yum! Brands,Remote
"Analyst, Technical Operations",IT Analyst,Evolent Health,Remote
Desktop Support Analyst,IT Analyst,Magnet Forensics,Colorado
IT PROGRAMMER ANALYST I,IT Analyst,,"Baltimore, MD 21202"
Systems Support Analyst – IT,IT Analyst,Chan Soon-Shiong Medical Center at Windber,"Windber, PA 15963"
Support Operations Analyst,IT Analyst,Proof.com,Remote
IT Analyst (Remote),IT Analyst,WALGREENSRemote in,"Deerfield, IL 60015"
IT Analyst,IT Analyst,Prime Therapeutics,Remote
Client Solutions Analyst,IT Analyst,Grant Street Group,Remote
Sr IT Support Analyst,IT Analyst,Vitro,"Elkin, NC 28621"
System Analyst,IT Analyst,Matrix Medical Network,Remote
IT Analyst,IT Analyst,Lilax TechnologiesAnn,"Arbor, MI 48108"
Customer Support Analyst,IT Analyst,GridUnity,Remote
SOC Analyst I,IT Analyst,OneAxiom,Remote
"Application Analyst I, Clinical Applications - Information Solutions (Remote)",IT Analyst,MUSC,Remote
Customer Support Analyst,IT Analyst,Airwallex,Remote
IT Analyst,IT Analyst,,"Pullman, WA"
IT Analyst - Epic,IT Analyst,Our Billing Co LLC,Remote
IT Technology Analyst I,IT Analyst,Pennsylvania Turnpike CommissionHybrid work in,"Middletown, PA 17057"
IT Support Analyst,IT Analyst,General Electric Credit Union,"Cincinnati, OH 45242"
IT Analyst,IT Analyst,Paul HastingsNew,"York, NY 10166"
IT Support Analyst,IT Analyst,HEI Civil - Texas,"Austin, TX 78741"
ERP Analyst,IT Analyst,Smith & Loveless,"Lenexa, KS 66215"
End User support Analyst,IT Analyst,Tek Ninjas,"Arlington, IL 61312"
IT Operations & Support Analyst 1 - ITSD,IT Analyst,,"Blackfoot, ID"
IT Compliance Analyst,IT Analyst,,"Carnival Cruise LineMiami, FL"
Application Systems Analyst,IT Analyst,,"Springfield, MA 01109"
IT Help Desk Analyst,IT Analyst,,"Davenport, IA 52803"
IT Support Analyst,IT Analyst,,"Welltower IncToledo, OH 43615"
IT Helpdesk Analyst,IT Analyst,,"Fargo, ND"
IT Systems Support Analyst,IT Analyst,Liberty Healthcare CorporationBala-,"Cynwyd, PA 19004"
Associate Support Analyst,IT Analyst,,"Hybrid work in Boston, MA"
Help Desk Analyst,IT Analyst,,"SPS COMMERCEMinneapolis, MN 55402"
IT Service Desk Analyst,IT Analyst,,"IDallas, TX 75201"
IT Analyst I,IT Analyst,"Chick-fil-A, Inc.","Atlanta, GA 30349"
Senior Financial Systems Analyst,IT Analyst,,"Richmond, VA"
IT Analyst,IT Analyst,Mercer County State Bank4.0Sandy,"Lake, PA 16145"
Service Desk Analyst - Level 1,IT Analyst,Wynne System,Remote
Helpdesk Consultant,IT Analyst,Weston Technology Solutions,Remote
Network Capacity Analyst - Hybrid,IT Analyst,Charles Schwab3.9Hybrid work in,"Omaha, NE 68132"
Behavioral Health IT/EHR Analyst,IT Analyst,Kai Marie Group,Remote
Cyber Investigation Analyst (OTA),IT Analyst,,"Hybrid work in Rosslyn, VA"
Systems Analyst 3,IT Analyst,Intone Networks,Remote
Technical Service Desk Analyst - PT (Remote),IT Analyst,UnityRemote in Las,"Cruces, NM 88001"
IT Analyst (Remote),IT Analyst,WALGREENSRemote in,"Deerfield, IL 60015"
EDI Analyst/Delphi Developer,IT Analyst,"Comparatio USA, LLC",Remote
Systems Analyst 2,IT Analyst,Intone Networks,Remote
Help Desk Analyst,IT Analyst,Yum! Brands,Remote
IT STATEWIDE TECHNICAL SUPPORT ANALYST 1-3 (50578874),IT Analyst,,"State of LouisianaBaton Rouge, LA"
IT Support Analyst,IT Analyst,HEI Civil - Texas,"Austin, TX 78741"
IT Analyst I - Software Asset Management Analyst - Temporary,IT Analyst,,"Hybrid work in Salt Lake County, UT"
IT Analyst (Ability to obtain and maintain a secret clearance),IT Analyst,,"Akima, LL"
IT Support Analyst,IT Analyst,,"Toledo, OH 43615"
Helpdesk Tier 1 Analyst,IT Analyst,equinoxysGreat,"Falls, VA 22066"
Application Systems Analyst II,IT Analyst,Valleywise Health System,"Tempe, AZ 85282"
User Support Analyst II,IT Analyst,,"Los Angeles, CA"
IT Operations & Support Analyst 1 - ITSD,IT Analyst,,"State of IdahoBlackfoot, ID"
IT Service Desk Analyst (Onsite),IT Analyst,NightwingPalm,"Bay, FL 32905"
IT Support Analyst,IT Analyst,Trane Technologies,"Newberry, SC 29108"
"Analyst,IT Cust Serv",IT Analyst,CVS Health,"Smithfield, RI 02917"
IT Business Analyst,IT Analyst,"Inteva Products, LLC","Troy, MI 48084"
Associate Support Analyst,IT Analyst,,"InstemHybrid work in Boston, MA"
IT - SAP Variant Configuration Analyst,IT Analyst,WoodgrainHybrid work in,"Lawrenceville, GA 30043"
IT Analyst,IT Analyst,,"San Diego, CA 92110"
Developer/Programmer Analyst 3,Software Developer,Intone Networks,Remote
Software Engineer (Remote),Software Developer,,"Remote in Atlanta, GA"
"Software Engineer, Product (Los Angeles Remote)",Software Developer,,"Remote in Los Angeles, CA"
Software Engineer II,Software Developer,,"Remote in New York, NY"
Software Engineer II - Remote,Software Developer,Akamai,Remote
Scientific Software Developer,Software Developer,,"MITCambridge, MA 02139"
Software Developer,Software Developer,Howden Group Holdings,Remote
Software Engineer Backend (m/f/d) - Remote,Software Developer,Airy,Remote
Software Developer,Software Developer,,"Portland, ME 04101"
Software Engineer II,Software Developer,,"Remote in New York, NY"
Software Engineer II,Software Developer,FIS GlobalRemote in,"Dulles, VA 20166"
University Grad 2025: Software Engineer - Backend,Software Developer,,"Ramp FinancialNew York, NY"
Software Engineer I - Backend - HCP Terraform,Software Developer,Hashicorp,Remote
Software Developer,Software Developer,SDH Systems,Remote
Software Engineer,Software Developer,Arcadia.io,Remote
"Manufacturing - Process -Automation Engineer - Leland, NC",Software Developer,Victaulic3.4,"Leland, NC 28451"
Software Developer,Software Developer,,"RiteProsPortland, ME 04101"
Electrical Engineer Automation & Controls,Software Developer,Amalgamated Sugar Company3.5,"Paul, ID 83347"
Software Developer,Software Developer,"Advanced Planning Technologies, Inc.West","Salem, WI 54669"
Software Developer,Software Developer,,"RiteProsPortland, ME 04101"
Junior Software Developer,Software Developer,,"nuArchHybrid work in New York, NY"
Software Engineer,Software Developer,,"Alo YogaSan Ramon, CA"
Software Systems Engineer (TS/SCI),Software Developer,Maxar Technologies3.6,"Herndon, VA 20170"
Research Software Developer,Software Developer,"Boston Children's HospitalHybrid work in Boston, MA 02115Huntington Ave & Fenwood",Rd
JUNIOR SOFTWARE DEVELOPER,Software Developer,Kampgrounds Of AmericaRemote in,"Billings, MT 59102"
Software Developer,Software Developer,SSH CLOUD IT SOLUTIONS LLCHybrid work in,"Columbus, OH 43219"
Frontend Software Developer,Software Developer,"Ellis Island Casino, Village Pubs, Mt. CharlestonLas","Vegas, NV 89103"
Front End Software Developer,Software Developer,AG Grace Inc,"Columbia, MD 21044"
Software Developer,Software Developer,Key Family of CompaniesRemote in,"Indianapolis, IN 46250"
SOFTWARE DEVELOPER,Software Developer,Inteplast Group,"Lolita, TX 77971"
Software Developer,Software Developer,CACINorth,"Charleston, SC 29406"
Software Developer,Software Developer,,"SDH SystemsEden Prairie, MN"
SOFTWARE DEVELOPER,Software Developer,Collabrium Systems,"Harrisburg, PA 17111"
Software Developer,Software Developer,,"Charleston, SC"
Software Developer 1,Software Developer,,"Stanford, CA"
Software Developer,Software Developer,,"Poway, CA"
WEBSITE DEVELOPER,Software Developer,,"State of ArkansasLittle Rock, AR 72205"
Software Developer,Software Developer,,"OracleAustin, TX 78741"
Software Developer,Software Developer,Winsupply,"Dayton, OH 45439"
Software Engineer II - Remote,Software Developer,Akamai,Remote
Software Developer,Software Developer,CACIKing,"George, VA 22485"
Software Developer,Software Developer,Howden Group Holdings,Remote
Associate Software Developer,Software Developer,iPipeline,"Exton, PA 19341"
Software Developer,Software Developer,Powersoft SystemsOverland,"Park, KS 66213"
Software Engineer (Remote),Software Developer,,"THDRemote in Atlanta, GA"
Entry Level Java Developer,Software Developer,Hemma Systems Inc.,Remote
Game Designer,Software Developer,Trellis,Remote
Research Software Developer,Software Developer,"Boston Children's HospitalHybrid work in Boston, MA 02115Huntington Ave & Fenwood",Rd
Senior PHP Developer,Software Developer,IDEXX3.3Remote in,"Portland, ME 04102"
Software Developer (Full Stack),Software Developer,"DonorBureau, LLCHybrid work in","Franklin, TN 37064"
"Software Engineer (Portland, OR)",Software Developer,,"Portland, OR 97214"
FAST Labs Systems Engineer - EOIR Modeling & Simulation,Software Developer,BAE Systems3.8,"Merrimack, NH 03054"
API Developer (Entry Level),Software Developer,,"UnacastRemote in Ashburn, VA"
Embedded Systems Software Engineer (Level 1),Software Developer,CRCBrown,"Deer, WI 53223"
Software Development Manager,Software Developer,Diligent Delivery Systems4.0,"Houston, TX 77064"
Junior Software Developer,Software Developer,," New York, NY"
.NET Developer,Software Developer,Isagenix4.1Hybrid work in,"Gilbert, AZ 85297"
"Google Workspace API Developer (Part-Time, Remote)",Software Developer,Astero Technologies LLC,Remote
Desktop Application Developer,Software Developer,LCS - London Computer Systems4.4Hybrid work in,"Cincinnati, OH 45249"
"Software Engineer I, Customer Experience",Software Developer,Included Health,Remote
Laravel Software Developer (Full Stack),Software Developer,"Touchstone IQHybrid work in Denver, CO 80222Colorado",Station
Software Development Manager,Software Developer,Diligent Delivery Systems4.0,"Houston, TX 77064"
Full Stack Developer,Software Developer,nooro,Remote
Software Engineer,Software Developer,"IES Systems, Inc.","Canfield, OH 44406"
Junior Software Engineer,Software Developer,Invariant Corporation,"Huntsville, AL 35802"
Software Engineer - Mission Planning,Software Developer,,"Niceville, FL"
Full Stack Java Software Engineer - Remote,Software Developer,"Kunz, Leigh & Associates3.3",Remote
Software Engineer,Software Developer,Creative Technology SolutionsFalls,"Church, VA 22042"
Back End Developer - Remote,Software Developer,"BlueIQ, LLC",Remote
Full Stack Developer- Eventlink,Software Developer,SDI Innovations4.3,"Lafayette, IN 47909"
Software Engineer C Programming,Software Developer,"VOCAL Technologies, Ltd.","Amherst, NY 14228"
Software Test Engineer,Software Developer,,"The Colony, TX"
Full Stack Developer C#,Software Developer,Happy FleetHybrid work in,"Sterling, VA 20165"
SOFTWARE DEVELOPER,Software Developer,,"Oahu Island, HI"
Web Developer/UI Designer,Software Developer,"McCurdy Real Estate & Auction, LLC","Wichita, KS 67206"
Game Designer,Software Developer,Trellis,Remote
Entry Level Java Developer,Software Developer,Hemma Systems Inc.,Remote
Research Software Developer,Software Developer,"Boston Children's HospitalHybrid work in Boston, MA 02115Huntington Ave & Fenwood",Rd
Back End Developer - Remote,Software Developer,"BlueIQ, LLC",Remote
"Software Engineer (Portland, OR)",Software Developer,,"Portland, OR 97214"
C# .NET Software Developer,Software Developer,,"Remote in Denver, CO"
"Software Engineer I, Customer Experience",Software Developer,Included Health,Remote
Application Development Leader,Software Developer,"SBLI4.4Hybrid work in Woburn, MA 01801",Mishawum
Junior Software Engineer,Software Developer,Invariant Corporation,"Huntsville, AL 35802"
Full Stack Developer C#,Software Developer,Happy FleetHybrid work in,"Sterling, VA 20165"
Software Test Engineer,Software Developer,,"The Colony, TX"
API Developer (Entry Level),Software Developer,,"Remote in Ashburn, VA"
Software Development Manager,Software Developer,Diligent Delivery Systems4.0,"Houston, TX 77064"
Java Developer,Software Developer,Cornerstone Technology,Remote
Junior Software Developer,Software Developer,,"Hybrid work in New York, NY"
