Job Title,Cleaned Company Name,Cleaned Location
Sr. Voice Platform Analyst,Global,PA 17102(Midtown area)
Data Analyst 1,Maverik Inc.Salt,UT 84111(Central City area)Gallivan Plaza Station
Analyst - AI Trainer,,"Muncie, IN"
Data Analyst,,"Schaumburg, IL 60173"
Laboratory Analyst,Philip,NC
Data Analyst,TangeloRemote,
Data Analyst - Healthcare,,CA 92543
Data Analyst,,ME 04101(Downtown area)
"Analyst, ESG Data",Revlon Consumer,NJ 08818
Data Analyst,Dave,CA 95323
Data Analyst,,UT
Data Analyst,Cognize tech solutionsRemote,
Data Analyst,Blue,"Houston, TX"
Data Analyst,,TX
Junior Data Analyst,Cobbs Creek,PA 19073
Data Analyst,,ME 04101(Downtown area)
Data Analyst,,UT
Data Analyst,,TX
Health Care Data Analyst,Hennepin,MN
Data Analyst,,IL
Healthcare Data Analyst,Logistics,"Dayton, OH 45412"
Data Analyst,,NJ 08872
Data Analyst,,"Plano, TX"
Jr Data Analyst,,NJ 08830
DATA ANALYST,Prince William County Public SchoolsPrince,VA
Data Analyst,VCCS-,VA
Data Analyst,Oklahoma,OK 74078
Data Analyst,Sustainable Engineering,NJ 07024
Full-time Role: Data Analyst,ClearView,MA
Data Analyst,Disney Direct to,NY
Data Analyst,Our Billing,"Buffalo, NY"
Data Analyst,,UT
"Analyst, Data (Remote)",,Arizona
Data Analyst,,TX 78702(Govalle area)
Data Analyst - onsite,McLaren,MI 48043
Data Analyst (Remote),,"Inc.Remote in Louisville, KY"
Quality Data Analyst - PRN *Fully Onsite*,St. Joseph Regional,ID 83501
Data Analyst,Derex,PA
DATA ANALYST,Prince William County Public SchoolsPrince,VA
Healthcare Analytics Data Analyst III,,Texas
Data Analyst,CDC,Pennsylvania
Data Management Analyst III,University,FL 32611
Data Analyst,Fort Worth Community,TX
Data Analyst III,,Florida
"Analyst, Data Visualization & Business Intelligence",Royal,FL 33132
Logistics Data Analyst,Allyn,"Inc.Fort Myers, FL 33919"
Research Data Analyst,Arbor Research &,"LLCLake Barrington, IL 60010"
Background Check Records Analyst I,,TX 76114
Junior Data Analyst (In-Office Position),Geo-,"LLCLake Mary, FL 32746"
Data Analyst (Power BI),Edward Rose &,"Bloomfield Hills, MI 48304"
Analyst (EDI),Steel,IN 46619
Business Analyst,iWeb-,Inc.Remote
Data Analyst,NorthCoast,CT 06831
Revenue Analyst | Hybrid Remote | Starting $24/hr.,Grand Pacific,"Carlsbad, CA 92008"
Business Development Analyst,US Tiger,"San Jose, CA 95134Baypointe Station"
Data Analyst,Educators Credit,WI 53177
"Analytical Chemist - Instrument Operator/Data Analyst (Woodland, CA)",IEH Laboratories &,CA 95776
Pricing Data Analyst (Not a Remote Position),Port X,NY 14203(Central Business District area)Special Events Station
Data Analyst I,AAA,PA 17402
Business Requirements Analyst,Flat World Global SolutionsO',MO 63368
DHCF DCAS Data Analyst,Intone NetworksRemote,
Senior Data Analyst,Intone NetworksRemote,
Strategic Data Analyst I,Doane UniversityRemote,
Data Analyst,Propel TogetherRemote,
"Analyst, Claims - Data Science",Liberty MutualRemote,
Mid-level Data Analyst,Intone NetworksRemote,
AthenaIDX Analyst,Intone NetworksRemote,
Data Analyst III,,Florida
Junior Data Analyst,Coker GroupRemote,
Utility Billing Analyst,Resource EnergyRemote,
Patient Flow Data Analyst,Institute for Healthcare OptimizationRemote,
(5) Data Analyst / Data Scientist,TRA'BIAN ENTERPRISESRemote,
Data Analyst,Lake Appliance RepairRemote,
Data Analytics Senior Consultant II,AllstateRemote,
Analyst Corporate Sustainability,Hasbro Inc.,"Pawtucket, RI"
Graphic Information System (GIS) Analyst,CITY,NC 27360
Research Data Analyst,Arbor Research &,"LLCLake Barrington, IL 60010"
Junior Data Analyst (In-Office Position),Geo-,"LLCLake Mary, FL 32746"
Data Analyst,Turn5,"Inc.Paoli, PA 19301"
"Business Analyst (Saginaw, Michigan)",,MI 48603
Electronic Health Records Support Analyst,The Coquille Indian,OR 97420
Background Check Records Analyst I,,TX 76114
Analyst (EDI),Steel,IN 46619
Revenue Management Analyst,Brett/Robinson Gulf Corp.,AL 36542
GoBanking Business Analyst,Data,KS 67501
"Data Analyst 数据分析师(DA,Mandarin Prefer)",,TX
Data Analyst,NorthCoast,CT 06831
Chargeback Analyst,Merchant Lynx ServicesPalm,FL 33418
Financial Analyst,Mi-One Brands - SV / Mi-Pod / Wi-Pod / S6,AZ 85008(Camelback East area)
Building Energy Performance Programs Analyst,,"LLCHybrid work in Fairfax, VA 22033"
