Job Title,Location
Systems Support Analyst – IT,"Chan Soon-Shiong Medical Center at WindberWindber, PA 15963"
IT Technology Analyst I,"Pennsylvania Turnpike CommissionHybrid work in Middletown, PA 17057"
IT Analyst,Prime TherapeuticsRemote
IT Analyst (Remote),"WALGREENSRemote in Deerfield, IL 60015"
IT Technology Analyst 1,"Pennsylvania Turnpike CommissionMiddletown, PA 17057"
IT/Database Analyst,"Serco North AmericaWashington, DC 20005"
IT ANALYST,"Ohkay Hotel CasinoSan Juan Pueblo, NM 87566"
Associate IT Systems Analyst - EHR,"Newport HealthcareNashville, TN 37215(Green Hills area)"
IT Analyst I,"MosaicSaint Joseph, MO 64506"
IT STATEWIDE TECHNICAL SUPPORT ANALYST 1-3 (50578874),"State of LouisianaBaton Rouge, LA"
Systems Analyst I,"Clayton CareersMaryville, TN"
"IT Systems Analyst, HRIS",UC HealthRemote in Ohio
IT Vendor Analyst,"Orion Marine GroupHouston, TX 77034"
IT Systems Support Analyst,"Liberty Healthcare CorporationBala-Cynwyd, PA 19004"
IT Analyst - Epic,Our Billing Co LLCRemote
IT Analyst I,"Chick-fil-A, Inc.Atlanta, GA 30349"
IT STATEWIDE TECHNICAL SUPPORT ANALYST 1-3 (50578874),"State of LouisianaBaton Rouge, LA"
IT Analyst (Remote),"WALGREENSRemote in Deerfield, IL 60015"
IT BUSINESS SYSTEMS ANALYST,"County of Santa CruzSanta Cruz County, CA"
Service Desk Analyst - Level 1,Wynne SystemRemote
Software Support Analyst - Costco Logistics,"Costco WholesaleChicago, IL"
IT Technology Analyst 1,"Pennsylvania Turnpike CommissionMiddletown, PA 17057"
"Analyst, AACU Technology Service Desk","American AirlinesDallas, TX 75219(Downtown area)"
IT Technology Analyst I,"Pennsylvania Turnpike CommissionHybrid work in Middletown, PA 17057"
SYSTEMS ANALYST,Sierra Nevada Brewing Co.Remote
Application Support Analyst,"CVS HealthRemote in Hartford, CT 06103"
Help Desk Analyst,Yum! BrandsRemote
"Analyst, Technical Operations",Evolent HealthRemote
Desktop Support Analyst,Magnet ForensicsColorado
IT PROGRAMMER ANALYST I,"State of MarylandBaltimore, MD 21202(Inner Harbor area)"
Systems Support Analyst – IT,"Chan Soon-Shiong Medical Center at WindberWindber, PA 15963"
Support Operations Analyst,Proof.comRemote
IT Analyst (Remote),"WALGREENSRemote in Deerfield, IL 60015"
IT Analyst,Prime TherapeuticsRemote
Client Solutions Analyst,Grant Street GroupRemote
Sr IT Support Analyst,"VitroElkin, NC 28621"
System Analyst,Matrix Medical NetworkRemote
IT Analyst,"Lilax TechnologiesAnn Arbor, MI 48108"
Customer Support Analyst,GridUnityRemote
SOC Analyst I,OneAxiomRemote
"Application Analyst I, Clinical Applications - Information Solutions (Remote)",MUSCRemote
Customer Support Analyst,AirwallexRemote
IT Analyst,"Schweitzer Engineering LaboratoriesPullman, WA"
IT Analyst - Epic,Our Billing Co LLCRemote
IT Technology Analyst I,"Pennsylvania Turnpike CommissionHybrid work in Middletown, PA 17057"
IT Support Analyst,"General Electric Credit UnionCincinnati, OH 45242"
IT Analyst,"Paul HastingsNew York, NY 10166"
IT Support Analyst,"HEI Civil - TexasAustin, TX 78741"
ERP Analyst,"Smith & LovelessLenexa, KS 66215"
End User support Analyst,"Tek NinjasArlington, IL 61312"
IT Operations & Support Analyst 1 - ITSD,"State of IdahoBlackfoot, ID"
IT Compliance Analyst,"Carnival Cruise LineMiami, FL"
Application Systems Analyst,"Springfield CollegeSpringfield, MA 01109(Upper Hill area)"
IT Help Desk Analyst,"PALMER COLLEGE FOUNDATIONDavenport, IA 52803(College Square area)"
IT Support Analyst,"Welltower IncToledo, OH 43615(Reynolds Corners area)"
IT Helpdesk Analyst,"ATCFargo, ND"
IT Systems Support Analyst,"Liberty Healthcare CorporationBala-Cynwyd, PA 19004"
Associate Support Analyst,"InstemHybrid work in Boston, MA"
Help Desk Analyst,"SPS COMMERCEMinneapolis, MN 55402(Downtown West area)"
IT Service Desk Analyst,"DMIDallas, TX 75201(Downtown area)"
IT Analyst I,"Chick-fil-A, Inc.Atlanta, GA 30349"
Senior Financial Systems Analyst,"VA Dept of Transportation3.7Richmond, VA"
IT Analyst,"Mercer County State Bank4.0Sandy Lake, PA 16145"
Service Desk Analyst - Level 1,Wynne SystemRemote
Helpdesk Consultant,Weston Technology SolutionsRemote
Network Capacity Analyst - Hybrid,"Charles Schwab3.9Hybrid work in Omaha, NE 68132"
Behavioral Health IT/EHR Analyst,Kai Marie GroupRemote
Cyber Investigation Analyst (OTA),"Peraton3.1Hybrid work in Rosslyn, VA"
Systems Analyst 3,Intone NetworksRemote
Technical Service Desk Analyst - PT (Remote),"UnityRemote in Las Cruces, NM 88001"
IT Analyst (Remote),"WALGREENSRemote in Deerfield, IL 60015"
EDI Analyst/Delphi Developer,"Comparatio USA, LLCRemote"
Systems Analyst 2,Intone NetworksRemote
Help Desk Analyst,Yum! BrandsRemote
IT STATEWIDE TECHNICAL SUPPORT ANALYST 1-3 (50578874),"State of LouisianaBaton Rouge, LA"
IT Support Analyst,"HEI Civil - TexasAustin, TX 78741"
IT Analyst I - Software Asset Management Analyst - Temporary,"State of UtahHybrid work in Salt Lake County, UT"
IT Analyst (Ability to obtain and maintain a secret clearance),"Akima, LLCLexington, KY"
IT Support Analyst,"Welltower IncToledo, OH 43615(Reynolds Corners area)"
Helpdesk Tier 1 Analyst,"equinoxysGreat Falls, VA 22066"
Application Systems Analyst II,"Valleywise Health SystemTempe, AZ 85282"
User Support Analyst II,"Skidmore, Owings & MerrillLos Angeles, CA"
IT Operations & Support Analyst 1 - ITSD,"State of IdahoBlackfoot, ID"
IT Service Desk Analyst (Onsite),"NightwingPalm Bay, FL 32905"
IT Support Analyst,"Trane TechnologiesNewberry, SC 29108"
"Analyst,IT Cust Serv","CVS HealthSmithfield, RI 02917"
IT Business Analyst,"Inteva Products, LLCTroy, MI 48084"
Associate Support Analyst,"InstemHybrid work in Boston, MA"
IT - SAP Variant Configuration Analyst,"WoodgrainHybrid work in Lawrenceville, GA 30043"
IT Analyst,"Goodwill Industries of San Diego CountySan Diego, CA 92110(Midway District area)"
