Job Title,Company Name
Sr. Voice Platform Analyst,"Global Data Consultants3.2Harrisburg, PA 17102(Midtown area)"
Data Analyst 1,"Maverik Inc.Salt Lake City, UT 84111(Central City area)Gallivan Plaza Station"
Analyst - AI Trainer,"DataAnnotation4.0Remote in Muncie, IN"
Data Analyst,"IonTuitionRemote in Schaumburg, IL 60173"
Laboratory Analyst,"Philip Morris International4.2Wilson, NC"
Data Analyst,TangeloRemote
Data Analyst - Healthcare,"PromiseCare ManagementHemet, CA 92543"
Data Analyst,"RiteProsPortland, ME 04101(Downtown area)"
"Analyst, ESG Data","Revlon Consumer Products LLCEdison, NJ 08818"
Data Analyst,"Dave Wilson NurseryHickman, CA 95323"
Data Analyst,"PatternLehi, UT"
Data Analyst,Cognize tech solutionsRemote
Data Analyst,"Blue Orange DigitalRemote in Houston, TX"
Data Analyst,"Tetra TechBrazoria, TX"
Junior Data Analyst,"Cobbs Creek HealthcareNewtown Square, PA 19073"
Data Analyst,"RiteProsPortland, ME 04101(Downtown area)"
Data Analyst,"PatternLehi, UT"
Data Analyst,"Tetra TechBrazoria, TX"
Health Care Data Analyst,"Hennepin CountyHennepin County, MN"
Data Analyst,"Aldridge ElectricLibertyville, IL"
Healthcare Data Analyst,"Logistics Management InstituteRemote in Dayton, OH 45412"
Data Analyst,"VensitSayreville, NJ 08872"
Data Analyst,"AccelPadRemote in Plano, TX"
Jr Data Analyst,"Veracity SoftwareIselin, NJ 08830"
DATA ANALYST,"Prince William County Public SchoolsPrince William County, VA"
Data Analyst,"VCCS-System OfficeChesterfield, VA"
Data Analyst,"Oklahoma State UniversityStillwater, OK 74078"
Data Analyst,"Sustainable Engineering ServicesFort Lee, NJ 07024"
Full-time Role: Data Analyst,"ClearView Healthcare PartnersNewton, MA"
Data Analyst,"Disney Direct to ConsumerNew York, NY"
Data Analyst,"Our Billing Co LLCRemote in Buffalo, NY"
Data Analyst,"PatternLehi, UT"
"Analyst, Data (Remote)",Molina HealthcareRemote in Arizona
Data Analyst,"Capital MetroAustin, TX 78702(Govalle area)"
Data Analyst - onsite,"McLaren MacombMount Clemens, MI 48043"
Data Analyst (Remote),"Sonic Electronix, Inc.Remote in Louisville, KY"
Quality Data Analyst - PRN *Fully Onsite*,"St. Joseph Regional Medical CenterLewiston, ID 83501"
Data Analyst,"Derex Technologies IncErie, PA"
DATA ANALYST,"Prince William County Public SchoolsPrince William County, VA"
Healthcare Analytics Data Analyst III,CenteneRemote in Texas
Data Analyst,CDC FoundationHybrid work in Pennsylvania
Data Management Analyst III,"University of FloridaGainesville, FL 32611"
Data Analyst,"Fort Worth Community Credit UnionBedford, TX"
Data Analyst III,CenteneRemote in Florida
"Analyst, Data Visualization & Business Intelligence","Royal Caribbean GroupMiami, FL 33132"
Logistics Data Analyst,"Allyn International Services, Inc.3.2Fort Myers, FL 33919"
Research Data Analyst,"Arbor Research & Trading, LLCLake Barrington, IL 60010"
Background Check Records Analyst I,"MinistrySafe4.5Fort Worth, TX 76114"
Junior Data Analyst (In-Office Position),"Geo-Med, LLCLake Mary, FL 32746"
Data Analyst (Power BI),"Edward Rose & SonsHybrid work in Bloomfield Hills, MI 48304"
Analyst (EDI),"Steel WarehouseSouth Bend, IN 46619"
Business Analyst,"iWeb-Soft, Inc.Remote"
Data Analyst,"NorthCoast Asset ManagementGreenwich, CT 06831"
Revenue Analyst | Hybrid Remote | Starting $24/hr.,"Grand Pacific ResortsHybrid work in Carlsbad, CA 92008"
Business Development Analyst,"US Tiger SecuritiesHybrid work in San Jose, CA 95134Baypointe Station"
Data Analyst,"Educators Credit Union3.7Mount Pleasant, WI 53177"
"Analytical Chemist - Instrument Operator/Data Analyst (Woodland, CA)","IEH Laboratories & Consulting Group1.4Woodland, CA 95776"
Pricing Data Analyst (Not a Remote Position),"Port X Logistics LLCBuffalo, NY 14203(Central Business District area)Special Events Station"
Data Analyst I,"AAA Mid States2.1York, PA 17402"
Business Requirements Analyst,"Flat World Global SolutionsO'Fallon, MO 63368"
DHCF DCAS Data Analyst,Intone NetworksRemote
Senior Data Analyst,Intone NetworksRemote
Strategic Data Analyst I,Doane UniversityRemote
Data Analyst,Propel TogetherRemote
"Analyst, Claims - Data Science",Liberty MutualRemote
Mid-level Data Analyst,Intone NetworksRemote
AthenaIDX Analyst,Intone NetworksRemote
Data Analyst III,CenteneRemote in Florida
Junior Data Analyst,Coker GroupRemote
Utility Billing Analyst,Resource EnergyRemote
Patient Flow Data Analyst,Institute for Healthcare OptimizationRemote
(5) Data Analyst / Data Scientist,TRA'BIAN ENTERPRISESRemote
Data Analyst,Lake Appliance RepairRemote
Data Analytics Senior Consultant II,AllstateRemote
Analyst Corporate Sustainability,"Hasbro Inc.Hybrid work in Pawtucket, RI"
Graphic Information System (GIS) Analyst,"CITY OF THOMASVILLE3.8Thomasville, NC 27360"
Research Data Analyst,"Arbor Research & Trading, LLCLake Barrington, IL 60010"
Junior Data Analyst (In-Office Position),"Geo-Med, LLCLake Mary, FL 32746"
Data Analyst,"Turn5, Inc.3.4Paoli, PA 19301"
"Business Analyst (Saginaw, Michigan)","Morley3.2Saginaw, MI 48603"
Electronic Health Records Support Analyst,"The Coquille Indian TribeCoos Bay, OR 97420"
Background Check Records Analyst I,"MinistrySafe4.5Fort Worth, TX 76114"
Analyst (EDI),"Steel WarehouseSouth Bend, IN 46619"
Revenue Management Analyst,"Brett/Robinson Gulf Corp.3.4Gulf Shores, AL 36542"
GoBanking Business Analyst,"Data Center Inc4.4Hutchinson, KS 67501"
"Data Analyst 数据分析师(DA,Mandarin Prefer)","Happy GlobalRichardson, TX"
Data Analyst,"NorthCoast Asset ManagementGreenwich, CT 06831"
Chargeback Analyst,"Merchant Lynx Services3.4Palm Beach Gardens, FL 33418"
Financial Analyst,"Mi-One Brands - SV / Mi-Pod / Wi-Pod / S6XTH SensePhoenix, AZ 85008(Camelback East area)"
Building Energy Performance Programs Analyst,"PEG, LLC2.3Hybrid work in Fairfax, VA 22033"
