Job Title,Job Type,Company,Location,Latitude,Longitude
Data Analyst 1,data analyst,UT 84111(Central City area)Gallivan Plaza,Station,60.1717794,24.9413548
Analyst - AI Trainer,data analyst,,"Muncie, IN",40.1936892,-85.3865271
Data Analyst,data analyst,,"Schaumburg, IL 60173",42.0333608,-88.083406
Laboratory Analyst,data analyst,,NC,35.6729639,-79.0392919
Data Analyst,data analyst,,,46.3144754,11.0480288
Data Analyst - Healthcare,data analyst,,CA 92543,33.74142948387097,-116.9740361
"Analyst, ESG Data",data analyst,,NJ 08818,40.51345057777778,-74.3654135
Data Analyst,data analyst,,CA 95323,37.616078,-120.729117
Data Analyst,data analyst,,UT,39.4225192,-111.714358
Data Analyst,data analyst,,,46.3144754,11.0480288
Data Analyst,data analyst,,"Houston, TX",29.7589382,-95.3676974
Data Analyst,data analyst,,TX,31.2638905,-98.5456116
Junior Data Analyst,data analyst,,PA 19073,39.97452583064633,-75.4582745
Data Analyst,data analyst,,UT,39.4225192,-111.714358
Data Analyst,data analyst,,TX,31.2638905,-98.5456116
Health Care Data Analyst,data analyst,,MN,46.8250388,103.8499736
Data Analyst,data analyst,,IL,30.8124247,34.8594762
Healthcare Data Analyst,data analyst,,"Dayton, OH 45412",39.7589478,-84.1916069
Data Analyst,data analyst,,NJ 08872,40.4653438,-74.35575891
Data Analyst,data analyst,,"Plano, TX",33.0136764,-96.6925096
Jr Data Analyst,data analyst,,NJ 08830,40.57110738272727,-74.3169505
DATA ANALYST,data analyst,,VA,41.903411,12.4528527
Data Analyst,data analyst,,VA,41.903411,12.4528527
Data Analyst,data analyst,,OK 74078,36.1258414,-97.07191288
Data Analyst,data analyst,,NJ 07024,40.85076126,-73.97489569
Full-time Role: Data Analyst,data analyst,,MA,31.1728205,-7.3362482
Data Analyst,data analyst,,NY,43.1561681,-75.8449946
Data Analyst,data analyst,,"Buffalo, NY",42.8867166,-78.8783922
Data Analyst,data analyst,,UT,39.4225192,-111.714358
"Analyst, Data (Remote)",data analyst,,Arizona,34.395342,-111.763275
Data Analyst - onsite,data analyst,,MI 48043,42.57402403,-82.88624149
Quality Data Analyst - PRN *Fully Onsite*,data analyst,,ID 83501,46.38958819026549,-116.9767153
Data Analyst,data analyst,,PA,8.559559,-81.1308434
DATA ANALYST,data analyst,,VA,41.903411,12.4528527
Healthcare Analytics Data Analyst III,data analyst,,Texas,31.2638905,-98.5456116
Data Analyst,data analyst,,Pennsylvania,40.9699889,-77.7278831
Data Management Analyst III,data analyst,,FL 32611,29.643090436018955,-82.35479739
Data Analyst,data analyst,,TX,31.2638905,-98.5456116
Data Analyst III,data analyst,,Florida,27.7567667,-81.4639835
"Analyst, Data Visualization & Business Intelligence",data analyst,,FL 33132,25.784153434547346,-80.18892303
Logistics Data Analyst,data analyst,Inc.Fort,"Myers, FL 33919",26.4520248,-81.948145
Research Data Analyst,data analyst,LLCLake,"Barrington, IL 60010",42.1539141,-88.1361888
Background Check Records Analyst I,data analyst,,TX 76114,32.77524170525164,-97.39878496
Junior Data Analyst (In-Office Position),data analyst,LLCLake,"Mary, FL 32746",28.76697791820176,-81.35400418
Data Analyst (Power BI),data analyst,Bloomfield,"Hills, MI 48304",42.58937677641229,-83.23451015
Analyst (EDI),data analyst,,IN 46619,41.66794216684782,-86.32229978
Business Analyst,data analyst,Inc.,Remote,43.0059455,-123.8925908
Data Analyst,data analyst,,CT 06831,41.05981281147789,-73.65932472
Revenue Analyst | Hybrid Remote | Starting $24/hr.,data analyst,,"Carlsbad, CA 92008",33.1580933,-117.3505966
Business Development Analyst,data analyst,"San Jose, CA 95134Baypointe",Station,60.1717794,24.9413548
Data Analyst,data analyst,,WI 53177,42.696215294285714,-87.92679079
"Analytical Chemist - Instrument Operator/Data Analyst (Woodland, CA)",data analyst,,CA 95776,38.68397754,-121.7290272
Pricing Data Analyst (Not a Remote Position),data analyst,NY 14203(Central Business District area)Special Events,Station,60.1717794,24.9413548
Data Analyst I,data analyst,,PA 17402,39.95145779911246,-76.67398003
Business Requirements Analyst,data analyst,,MO 63368,38.75441659810053,-90.72575056
DHCF DCAS Data Analyst,data analyst,,,46.3144754,11.0480288
Senior Data Analyst,data analyst,,,46.3144754,11.0480288
Strategic Data Analyst I,data analyst,,,46.3144754,11.0480288
Data Analyst,data analyst,,,46.3144754,11.0480288
"Analyst, Claims - Data Science",data analyst,,,46.3144754,11.0480288
Mid-level Data Analyst,data analyst,,,46.3144754,11.0480288
AthenaIDX Analyst,data analyst,,,46.3144754,11.0480288
Data Analyst III,data analyst,,Florida,27.7567667,-81.4639835
Junior Data Analyst,data analyst,,,46.3144754,11.0480288
Utility Billing Analyst,data analyst,,,46.3144754,11.0480288
Patient Flow Data Analyst,data analyst,,,46.3144754,11.0480288
(5) Data Analyst / Data Scientist,data analyst,,,46.3144754,11.0480288
Data Analyst,data analyst,,,46.3144754,11.0480288
Data Analytics Senior Consultant II,data analyst,,,46.3144754,11.0480288
Analyst Corporate Sustainability,data analyst,,"Pawtucket, RI",41.8789531,-71.3821203
Graphic Information System (GIS) Analyst,data analyst,,NC 27360,35.870861033804914,-80.09038515
Research Data Analyst,data analyst,LLCLake,"Barrington, IL 60010",42.1539141,-88.1361888
Junior Data Analyst (In-Office Position),data analyst,LLCLake,"Mary, FL 32746",28.76697791820176,-81.35400418
Data Analyst,data analyst,Inc.,"Paoli, PA 19301",40.0417847,-75.4838685
"Business Analyst (Saginaw, Michigan)",data analyst,,MI 48603,43.45289866512397,-84.01011207
Electronic Health Records Support Analyst,data analyst,,OR 97420,43.36166286,-124.2194946
Background Check Records Analyst I,data analyst,,TX 76114,32.77524170525164,-97.39878496
Analyst (EDI),data analyst,,IN 46619,41.66794216684782,-86.32229978
Revenue Management Analyst,data analyst,,AL 36542,30.28121068870637,-87.70094265
GoBanking Business Analyst,data analyst,,KS 67501,38.031115263779526,-97.92050532
"Data Analyst 数据分析师(DA,Mandarin Prefer)",data analyst,,TX,31.2638905,-98.5456116
Data Analyst,data analyst,,CT 06831,41.05981281147789,-73.65932472
Chargeback Analyst,data analyst,,FL 33418,26.840817649762133,-80.12881164
Building Energy Performance Programs Analyst,data analyst,LLCHybrid work in,"Fairfax, VA 22033",38.8462236,-77.3063733
Systems Support Analyst – IT,it analyst,Chan Soon-Shiong Medical Center at Windber,"Windber, PA 15963",40.2397986,-78.8350223
IT Technology Analyst I,it analyst,Pennsylvania Turnpike CommissionHybrid work in,"Middletown, PA 17057",40.1997955,-76.7310903
IT Analyst,it analyst,Prime Therapeutics,Remote,43.0059455,-123.8925908
IT Analyst (Remote),it analyst,WALGREENSRemote in,"Deerfield, IL 60015",42.1711365,-87.8445119
IT Technology Analyst 1,it analyst,Pennsylvania Turnpike Commission,"Middletown, PA 17057",40.1997955,-76.7310903
IT/Database Analyst,it analyst,Serco North America,"Washington, DC 20005",38.8950368,-77.0365427
Associate IT Systems Analyst - EHR,it analyst,,"Nashville, TN 37215",36.1622767,-86.7742984
IT Analyst I,it analyst,MosaicSaint,"Joseph, MO 64506",39.78822641674641,-94.80699814
IT STATEWIDE TECHNICAL SUPPORT ANALYST 1-3 (50578874),it analyst,,"Baton Rouge, LA",30.4494155,-91.1869659
Systems Analyst I,it analyst,,"Maryville, TN",35.7564719,-83.9704593
"IT Systems Analyst, HRIS",it analyst,UC HealthRemote in,Ohio,40.2253569,-82.6881395
IT Vendor Analyst,it analyst,Orion Marine Group,"Houston, TX 77034",29.7589382,-95.3676974
IT Systems Support Analyst,it analyst,Liberty Healthcare CorporationBala-,"Cynwyd, PA 19004",40.0067183,-75.2320804
IT Analyst - Epic,it analyst,Our Billing Co LLC,Remote,43.0059455,-123.8925908
IT Analyst I,it analyst,"Chick-fil-A, Inc.","Atlanta, GA 30349",33.7489924,-84.3902644
IT STATEWIDE TECHNICAL SUPPORT ANALYST 1-3 (50578874),it analyst,,"Baton Rouge, LA",30.4494155,-91.1869659
IT Analyst (Remote),it analyst,WALGREENSRemote in,"Deerfield, IL 60015",42.1711365,-87.8445119
IT BUSINESS SYSTEMS ANALYST,it analyst,,"Santa Cruz County, CA",37.050096,-121.99059
Service Desk Analyst - Level 1,it analyst,Wynne System,Remote,43.0059455,-123.8925908
Software Support Analyst - Costco Logistics,it analyst,,"Chicago, IL",41.8755616,-87.6244212
IT Technology Analyst 1,it analyst,Pennsylvania Turnpike Commission,"Middletown, PA 17057",40.1997955,-76.7310903
"Analyst, AACU Technology Service Desk",it analyst,,"Dallas, TX 75219",32.7762719,-96.7968559
IT Technology Analyst I,it analyst,Pennsylvania Turnpike CommissionHybrid work in,"Middletown, PA 17057",40.1997955,-76.7310903
SYSTEMS ANALYST,it analyst,Sierra Nevada Brewing Co.,Remote,43.0059455,-123.8925908
Application Support Analyst,it analyst,CVS HealthRemote in,"Hartford, CT 06103",41.764582,-72.6908547
Help Desk Analyst,it analyst,Yum! Brands,Remote,43.0059455,-123.8925908
"Analyst, Technical Operations",it analyst,Evolent Health,Remote,43.0059455,-123.8925908
Desktop Support Analyst,it analyst,Magnet Forensics,Colorado,38.7251776,-105.607716
IT PROGRAMMER ANALYST I,it analyst,,"Baltimore, MD 21202",39.2908816,-76.610759
Systems Support Analyst – IT,it analyst,Chan Soon-Shiong Medical Center at Windber,"Windber, PA 15963",40.2397986,-78.8350223
Support Operations Analyst,it analyst,Proof.com,Remote,43.0059455,-123.8925908
IT Analyst (Remote),it analyst,WALGREENSRemote in,"Deerfield, IL 60015",42.1711365,-87.8445119
IT Analyst,it analyst,Prime Therapeutics,Remote,43.0059455,-123.8925908
Client Solutions Analyst,it analyst,Grant Street Group,Remote,43.0059455,-123.8925908
Sr IT Support Analyst,it analyst,Vitro,"Elkin, NC 28621",36.2648185,-80.84776716
System Analyst,it analyst,Matrix Medical Network,Remote,43.0059455,-123.8925908
IT Analyst,it analyst,Lilax TechnologiesAnn,"Arbor, MI 48108",42.09816900991103,-83.32443268
Customer Support Analyst,it analyst,GridUnity,Remote,43.0059455,-123.8925908
SOC Analyst I,it analyst,OneAxiom,Remote,43.0059455,-123.8925908
"Application Analyst I, Clinical Applications - Information Solutions (Remote)",it analyst,MUSC,Remote,43.0059455,-123.8925908
Customer Support Analyst,it analyst,Airwallex,Remote,43.0059455,-123.8925908
IT Analyst,it analyst,,"Pullman, WA",46.7304268,-117.173895
IT Analyst - Epic,it analyst,Our Billing Co LLC,Remote,43.0059455,-123.8925908
IT Technology Analyst I,it analyst,Pennsylvania Turnpike CommissionHybrid work in,"Middletown, PA 17057",40.1997955,-76.7310903
IT Support Analyst,it analyst,General Electric Credit Union,"Cincinnati, OH 45242",39.1014537,-84.5124602
IT Analyst,it analyst,Paul HastingsNew,"York, NY 10166",40.6964042,-73.7913251
IT Support Analyst,it analyst,HEI Civil - Texas,"Austin, TX 78741",30.2711286,-97.7436995
ERP Analyst,it analyst,Smith & Loveless,"Lenexa, KS 66215",38.9697458,-94.7845837
End User support Analyst,it analyst,Tek Ninjas,"Arlington, IL 61312",41.4736452,-89.2492531
IT Operations & Support Analyst 1 - ITSD,it analyst,,"Blackfoot, ID",43.190039,-112.348357
Application Systems Analyst,it analyst,,"Springfield, MA 01109",42.1018764,-72.5886727
IT Help Desk Analyst,it analyst,,"Davenport, IA 52803",41.5235808,-90.5770967
IT Helpdesk Analyst,it analyst,,"Fargo, ND",46.877229,-96.789821
IT Systems Support Analyst,it analyst,Liberty Healthcare CorporationBala-,"Cynwyd, PA 19004",40.0067183,-75.2320804
IT Analyst I,it analyst,"Chick-fil-A, Inc.","Atlanta, GA 30349",33.7489924,-84.3902644
Senior Financial Systems Analyst,it analyst,,"Richmond, VA",37.5385087,-77.43428
IT Analyst,it analyst,Mercer County State Bank4.0Sandy,"Lake, PA 16145",41.20904719,-75.66453619
Service Desk Analyst - Level 1,it analyst,Wynne System,Remote,43.0059455,-123.8925908
Helpdesk Consultant,it analyst,Weston Technology Solutions,Remote,43.0059455,-123.8925908
Network Capacity Analyst - Hybrid,it analyst,Charles Schwab3.9Hybrid work in,"Omaha, NE 68132",41.2587459,-95.9383758
Behavioral Health IT/EHR Analyst,it analyst,Kai Marie Group,Remote,43.0059455,-123.8925908
Systems Analyst 3,it analyst,Intone Networks,Remote,43.0059455,-123.8925908
Technical Service Desk Analyst - PT (Remote),it analyst,UnityRemote in Las,"Cruces, NM 88001",32.3140354,-106.779807
IT Analyst (Remote),it analyst,WALGREENSRemote in,"Deerfield, IL 60015",42.1711365,-87.8445119
EDI Analyst/Delphi Developer,it analyst,"Comparatio USA, LLC",Remote,43.0059455,-123.8925908
Systems Analyst 2,it analyst,Intone Networks,Remote,43.0059455,-123.8925908
Help Desk Analyst,it analyst,Yum! Brands,Remote,43.0059455,-123.8925908
IT Support Analyst,it analyst,HEI Civil - Texas,"Austin, TX 78741",30.2711286,-97.7436995
IT Analyst (Ability to obtain and maintain a secret clearance),it analyst,,"Akima, LL",51.25793845,51.36563461976442
IT Support Analyst,it analyst,,"Toledo, OH 43615",41.6529143,-83.5378173
Helpdesk Tier 1 Analyst,it analyst,equinoxysGreat,"Falls, VA 22066",39.00187650244767,-77.30563645
Application Systems Analyst II,it analyst,Valleywise Health System,"Tempe, AZ 85282",33.4255117,-111.940016
User Support Analyst II,it analyst,,"Los Angeles, CA",34.0536909,-118.242766
IT Service Desk Analyst (Onsite),it analyst,NightwingPalm,"Bay, FL 32905",28.02973533,-80.60457481
IT Support Analyst,it analyst,Trane Technologies,"Newberry, SC 29108",34.2753247,-81.6188633
"Analyst,IT Cust Serv",it analyst,CVS Health,"Smithfield, RI 02917",41.9220433,-71.549507
IT Business Analyst,it analyst,"Inteva Products, LLC","Troy, MI 48084",42.6055893,-83.1499304
IT - SAP Variant Configuration Analyst,it analyst,WoodgrainHybrid work in,"Lawrenceville, GA 30043",33.9566391,-83.9890066
IT Analyst,it analyst,,"San Diego, CA 92110",32.7174202,-117.162772
Developer/Programmer Analyst 3,software developer,Intone Networks,Remote,43.0059455,-123.8925908
Software Engineer II - Remote,software developer,Akamai,Remote,43.0059455,-123.8925908
Software Developer,software developer,Howden Group Holdings,Remote,43.0059455,-123.8925908
Software Engineer Backend (m/f/d) - Remote,software developer,Airy,Remote,43.0059455,-123.8925908
Software Developer,software developer,,"Portland, ME 04101",43.6573605,-70.2586618
Software Engineer II,software developer,FIS GlobalRemote in,"Dulles, VA 20166",38.9646244,-77.4463445
Software Engineer I - Backend - HCP Terraform,software developer,Hashicorp,Remote,43.0059455,-123.8925908
Software Developer,software developer,SDH Systems,Remote,43.0059455,-123.8925908
Software Engineer,software developer,Arcadia.io,Remote,43.0059455,-123.8925908
"Manufacturing - Process -Automation Engineer - Leland, NC",software developer,Victaulic3.4,"Leland, NC 28451",34.236434,-78.0040029
Electrical Engineer Automation & Controls,software developer,Amalgamated Sugar Company3.5,"Paul, ID 83347",42.6079647,-113.78335
Software Developer,software developer,"Advanced Planning Technologies, Inc.West","Salem, WI 54669",43.89784196,-91.09745104
Software Systems Engineer (TS/SCI),software developer,Maxar Technologies3.6,"Herndon, VA 20170",38.9528369,-77.3852557
Research Software Developer,software developer,"Boston Children's HospitalHybrid work in Boston, MA 02115Huntington Ave & Fenwood",Rd,26.0979519,85.3839357
JUNIOR SOFTWARE DEVELOPER,software developer,Kampgrounds Of AmericaRemote in,"Billings, MT 59102",45.7874957,-108.49607
Software Developer,software developer,SSH CLOUD IT SOLUTIONS LLCHybrid work in,"Columbus, OH 43219",39.9622601,-83.0007065
Frontend Software Developer,software developer,"Ellis Island Casino, Village Pubs, Mt. CharlestonLas","Vegas, NV 89103",36.1194215,-115.1742536
Front End Software Developer,software developer,AG Grace Inc,"Columbia, MD 21044",39.2156213,-76.8582049
Software Developer,software developer,Key Family of CompaniesRemote in,"Indianapolis, IN 46250",39.7683331,-86.1583502
SOFTWARE DEVELOPER,software developer,Inteplast Group,"Lolita, TX 77971",28.8377805,-96.5432589
Software Developer,software developer,CACINorth,"Charleston, SC 29406",32.7884363,-79.9399309
SOFTWARE DEVELOPER,software developer,Collabrium Systems,"Harrisburg, PA 17111",40.2663107,-76.8861122
Software Developer,software developer,,"Charleston, SC",32.7884363,-79.9399309
Software Developer 1,software developer,,"Stanford, CA",37.4265407,-122.1703055
Software Developer,software developer,,"Poway, CA",32.9628234,-117.035864
Software Developer,software developer,Winsupply,"Dayton, OH 45439",39.7589478,-84.1916069
Software Engineer II - Remote,software developer,Akamai,Remote,43.0059455,-123.8925908
Software Developer,software developer,CACIKing,"George, VA 22485",38.30124470828283,-77.1368201
Software Developer,software developer,Howden Group Holdings,Remote,43.0059455,-123.8925908
Associate Software Developer,software developer,iPipeline,"Exton, PA 19341",40.0289955,-75.6207651
Software Developer,software developer,Powersoft SystemsOverland,"Park, KS 66213",38.9934085,-94.7457305
Entry Level Java Developer,software developer,Hemma Systems Inc.,Remote,43.0059455,-123.8925908
Game Designer,software developer,Trellis,Remote,43.0059455,-123.8925908
Research Software Developer,software developer,"Boston Children's HospitalHybrid work in Boston, MA 02115Huntington Ave & Fenwood",Rd,26.0979519,85.3839357
Senior PHP Developer,software developer,IDEXX3.3Remote in,"Portland, ME 04102",43.6573605,-70.2586618
Software Developer (Full Stack),software developer,"DonorBureau, LLCHybrid work in","Franklin, TN 37064",35.925206,-86.8689419
"Software Engineer (Portland, OR)",software developer,,"Portland, OR 97214",45.5202471,-122.674194
FAST Labs Systems Engineer - EOIR Modeling & Simulation,software developer,BAE Systems3.8,"Merrimack, NH 03054",42.8650864,-71.4934004
Embedded Systems Software Engineer (Level 1),software developer,CRCBrown,"Deer, WI 53223",43.0460545,-87.98586565
Software Development Manager,software developer,Diligent Delivery Systems4.0,"Houston, TX 77064",29.7589382,-95.3676974
Junior Software Developer,software developer,," New York, NY",40.7127281,-74.0060152
.NET Developer,software developer,Isagenix4.1Hybrid work in,"Gilbert, AZ 85297",33.3527632,-111.789037
"Google Workspace API Developer (Part-Time, Remote)",software developer,Astero Technologies LLC,Remote,43.0059455,-123.8925908
Desktop Application Developer,software developer,LCS - London Computer Systems4.4Hybrid work in,"Cincinnati, OH 45249",39.1014537,-84.5124602
"Software Engineer I, Customer Experience",software developer,Included Health,Remote,43.0059455,-123.8925908
Laravel Software Developer (Full Stack),software developer,"Touchstone IQHybrid work in Denver, CO 80222Colorado",Station,60.1717794,24.9413548
Software Development Manager,software developer,Diligent Delivery Systems4.0,"Houston, TX 77064",29.7589382,-95.3676974
Full Stack Developer,software developer,nooro,Remote,43.0059455,-123.8925908
Software Engineer,software developer,"IES Systems, Inc.","Canfield, OH 44406",41.025059,-80.760912
Junior Software Engineer,software developer,Invariant Corporation,"Huntsville, AL 35802",34.729847,-86.5859011
Software Engineer - Mission Planning,software developer,,"Niceville, FL",30.5168639,-86.482172
Full Stack Java Software Engineer - Remote,software developer,"Kunz, Leigh & Associates3.3",Remote,43.0059455,-123.8925908
Software Engineer,software developer,Creative Technology SolutionsFalls,"Church, VA 22042",38.87560633702318,-77.15561105
Back End Developer - Remote,software developer,"BlueIQ, LLC",Remote,43.0059455,-123.8925908
Full Stack Developer- Eventlink,software developer,SDI Innovations4.3,"Lafayette, IN 47909",40.4191229,-86.8919011
Software Engineer C Programming,software developer,"VOCAL Technologies, Ltd.","Amherst, NY 14228",42.9783924,-78.7997616
Software Test Engineer,software developer,,"The Colony, TX",33.0890094,-96.8863922
Full Stack Developer C#,software developer,Happy FleetHybrid work in,"Sterling, VA 20165",39.0017455,-77.4033349
SOFTWARE DEVELOPER,software developer,,"Oahu Island, HI",21.48343645,-158.0364837
Web Developer/UI Designer,software developer,"McCurdy Real Estate & Auction, LLC","Wichita, KS 67206",37.6922361,-97.3375448
Game Designer,software developer,Trellis,Remote,43.0059455,-123.8925908
Entry Level Java Developer,software developer,Hemma Systems Inc.,Remote,43.0059455,-123.8925908
Research Software Developer,software developer,"Boston Children's HospitalHybrid work in Boston, MA 02115Huntington Ave & Fenwood",Rd,26.0979519,85.3839357
Back End Developer - Remote,software developer,"BlueIQ, LLC",Remote,43.0059455,-123.8925908
"Software Engineer (Portland, OR)",software developer,,"Portland, OR 97214",45.5202471,-122.674194
"Software Engineer I, Customer Experience",software developer,Included Health,Remote,43.0059455,-123.8925908
Application Development Leader,software developer,"SBLI4.4Hybrid work in Woburn, MA 01801",Mishawum,42.5030558,-71.1370549
Junior Software Engineer,software developer,Invariant Corporation,"Huntsville, AL 35802",34.729847,-86.5859011
Full Stack Developer C#,software developer,Happy FleetHybrid work in,"Sterling, VA 20165",39.0017455,-77.4033349
Software Test Engineer,software developer,,"The Colony, TX",33.0890094,-96.8863922
Software Development Manager,software developer,Diligent Delivery Systems4.0,"Houston, TX 77064",29.7589382,-95.3676974
Java Developer,software developer,Cornerstone Technology,Remote,43.0059455,-123.8925908
